10,3,325025771,325025771-24af8504fac95adecd505df3ad66afa25f6f63728204d44f40c89b8202ecfd33.ids
10,3,3436313223,3436313223-262d508ed04070deba477ae39b05e348caf2d7c817a4377cbe9a9b1f2921362f.ids
10,3,2760261320,2760261320-39b600f1b9b3c7e78ad55c87234e80c4766249b4f99847d23a8abe9611842326.ids
10,3,1906881742,1906881742-262d508ed04070deba477ae39b05e348caf2d7c817a4377cbe9a9b1f2921362f.ids
10,3,1424130266,1424130266-7c8da43fa0c5bf966f118642fa37618a09acd6c0730cb76f9e2fd4f5d459cb90.ids
10,3,1504525286,1504525286-262d508ed04070deba477ae39b05e348caf2d7c817a4377cbe9a9b1f2921362f.ids
10,3,3217895783,3217895783-89f41a56800f29faeaa246399bddebb47f0eb6c4601c968fa592d5253dfeedad.ids
10,7,325025771,325025771-c4947910df2905a836027aae1bc1d061cf6033cb49dc7731a3830cf2c564e05b.ids
10,7,2760261320,2760261320-c4947910df2905a836027aae1bc1d061cf6033cb49dc7731a3830cf2c564e05b.ids
10,7,1906881742,1906881742-c4947910df2905a836027aae1bc1d061cf6033cb49dc7731a3830cf2c564e05b.ids
10,7,1424130266,1424130266-c4947910df2905a836027aae1bc1d061cf6033cb49dc7731a3830cf2c564e05b.ids
10,7,3007107812,3007107812-c4947910df2905a836027aae1bc1d061cf6033cb49dc7731a3830cf2c564e05b.ids
10,7,1504525286,1504525286-c4947910df2905a836027aae1bc1d061cf6033cb49dc7731a3830cf2c564e05b.ids
11,3,325025771,325025771-24af8504fac95adecd505df3ad66afa25f6f63728204d44f40c89b8202ecfd33.ids
11,3,3436313223,3436313223-262d508ed04070deba477ae39b05e348caf2d7c817a4377cbe9a9b1f2921362f.ids
11,3,2760261320,2760261320-39b600f1b9b3c7e78ad55c87234e80c4766249b4f99847d23a8abe9611842326.ids
11,3,1906881742,1906881742-262d508ed04070deba477ae39b05e348caf2d7c817a4377cbe9a9b1f2921362f.ids
11,3,1424130266,1424130266-7c8da43fa0c5bf966f118642fa37618a09acd6c0730cb76f9e2fd4f5d459cb90.ids
11,3,3007107812,3007107812-262d508ed04070deba477ae39b05e348caf2d7c817a4377cbe9a9b1f2921362f.ids
11,3,1504525286,1504525286-262d508ed04070deba477ae39b05e348caf2d7c817a4377cbe9a9b1f2921362f.ids
11,3,3217895783,3217895783-89f41a56800f29faeaa246399bddebb47f0eb6c4601c968fa592d5253dfeedad.ids
11,3,1204538468,1204538468-b6f951c9bcde550bbaf8c79288094b70d0912784564719dc03cc452c1670e8a9.ids
11,7,325025771,325025771-c4947910df2905a836027aae1bc1d061cf6033cb49dc7731a3830cf2c564e05b.ids
11,7,2760261320,2760261320-c4947910df2905a836027aae1bc1d061cf6033cb49dc7731a3830cf2c564e05b.ids
11,7,1906881742,1906881742-c4947910df2905a836027aae1bc1d061cf6033cb49dc7731a3830cf2c564e05b.ids
11,7,1424130266,1424130266-c4947910df2905a836027aae1bc1d061cf6033cb49dc7731a3830cf2c564e05b.ids
11,7,3007107812,3007107812-c4947910df2905a836027aae1bc1d061cf6033cb49dc7731a3830cf2c564e05b.ids
11,7,1504525286,1504525286-c4947910df2905a836027aae1bc1d061cf6033cb49dc7731a3830cf2c564e05b.ids
12,3,325025771,325025771-24af8504fac95adecd505df3ad66afa25f6f63728204d44f40c89b8202ecfd33.ids
12,3,3436313223,3436313223-262d508ed04070deba477ae39b05e348caf2d7c817a4377cbe9a9b1f2921362f.ids
12,3,2760261320,2760261320-39b600f1b9b3c7e78ad55c87234e80c4766249b4f99847d23a8abe9611842326.ids
12,3,1906881742,1906881742-262d508ed04070deba477ae39b05e348caf2d7c817a4377cbe9a9b1f2921362f.ids
12,3,1424130266,1424130266-7c8da43fa0c5bf966f118642fa37618a09acd6c0730cb76f9e2fd4f5d459cb90.ids
12,3,3007107812,3007107812-262d508ed04070deba477ae39b05e348caf2d7c817a4377cbe9a9b1f2921362f.ids
12,3,1504525286,1504525286-262d508ed04070deba477ae39b05e348caf2d7c817a4377cbe9a9b1f2921362f.ids
12,3,3217895783,3217895783-89f41a56800f29faeaa246399bddebb47f0eb6c4601c968fa592d5253dfeedad.ids
12,3,1204538468,1204538468-b6f951c9bcde550bbaf8c79288094b70d0912784564719dc03cc452c1670e8a9.ids
12,7,325025771,325025771-c4947910df2905a836027aae1bc1d061cf6033cb49dc7731a3830cf2c564e05b.ids
12,7,2760261320,2760261320-c4947910df2905a836027aae1bc1d061cf6033cb49dc7731a3830cf2c564e05b.ids
12,7,1906881742,1906881742-c4947910df2905a836027aae1bc1d061cf6033cb49dc7731a3830cf2c564e05b.ids
12,7,1424130266,1424130266-c4947910df2905a836027aae1bc1d061cf6033cb49dc7731a3830cf2c564e05b.ids
12,7,3007107812,3007107812-c4947910df2905a836027aae1bc1d061cf6033cb49dc7731a3830cf2c564e05b.ids
12,7,1504525286,1504525286-c4947910df2905a836027aae1bc1d061cf6033cb49dc7731a3830cf2c564e05b.ids
13,3,325025771,325025771-24af8504fac95adecd505df3ad66afa25f6f63728204d44f40c89b8202ecfd33.ids
13,3,3436313223,3436313223-262d508ed04070deba477ae39b05e348caf2d7c817a4377cbe9a9b1f2921362f.ids
13,3,2760261320,2760261320-39b600f1b9b3c7e78ad55c87234e80c4766249b4f99847d23a8abe9611842326.ids
13,3,1906881742,1906881742-262d508ed04070deba477ae39b05e348caf2d7c817a4377cbe9a9b1f2921362f.ids
13,3,1424130266,1424130266-7c8da43fa0c5bf966f118642fa37618a09acd6c0730cb76f9e2fd4f5d459cb90.ids
13,3,3007107812,3007107812-262d508ed04070deba477ae39b05e348caf2d7c817a4377cbe9a9b1f2921362f.ids
13,3,1504525286,1504525286-262d508ed04070deba477ae39b05e348caf2d7c817a4377cbe9a9b1f2921362f.ids
13,3,3217895783,3217895783-89f41a56800f29faeaa246399bddebb47f0eb6c4601c968fa592d5253dfeedad.ids
13,3,1204538468,1204538468-b6f951c9bcde550bbaf8c79288094b70d0912784564719dc03cc452c1670e8a9.ids
13,7,325025771,325025771-c4947910df2905a836027aae1bc1d061cf6033cb49dc7731a3830cf2c564e05b.ids
13,7,2760261320,2760261320-c4947910df2905a836027aae1bc1d061cf6033cb49dc7731a3830cf2c564e05b.ids
13,7,1906881742,1906881742-c4947910df2905a836027aae1bc1d061cf6033cb49dc7731a3830cf2c564e05b.ids
13,7,1424130266,1424130266-c4947910df2905a836027aae1bc1d061cf6033cb49dc7731a3830cf2c564e05b.ids
13,7,3007107812,3007107812-c4947910df2905a836027aae1bc1d061cf6033cb49dc7731a3830cf2c564e05b.ids
13,7,1504525286,1504525286-c4947910df2905a836027aae1bc1d061cf6033cb49dc7731a3830cf2c564e05b.ids
14,3,325025771,325025771-24af8504fac95adecd505df3ad66afa25f6f63728204d44f40c89b8202ecfd33.ids
14,3,3436313223,3436313223-262d508ed04070deba477ae39b05e348caf2d7c817a4377cbe9a9b1f2921362f.ids
14,3,2760261320,2760261320-39b600f1b9b3c7e78ad55c87234e80c4766249b4f99847d23a8abe9611842326.ids
14,3,1906881742,1906881742-262d508ed04070deba477ae39b05e348caf2d7c817a4377cbe9a9b1f2921362f.ids
14,3,1424130266,1424130266-7c8da43fa0c5bf966f118642fa37618a09acd6c0730cb76f9e2fd4f5d459cb90.ids
14,3,3007107812,3007107812-262d508ed04070deba477ae39b05e348caf2d7c817a4377cbe9a9b1f2921362f.ids
14,3,1504525286,1504525286-262d508ed04070deba477ae39b05e348caf2d7c817a4377cbe9a9b1f2921362f.ids
14,3,3217895783,3217895783-89f41a56800f29faeaa246399bddebb47f0eb6c4601c968fa592d5253dfeedad.ids
14,3,1204538468,1204538468-b6f951c9bcde550bbaf8c79288094b70d0912784564719dc03cc452c1670e8a9.ids
14,7,325025771,325025771-c4947910df2905a836027aae1bc1d061cf6033cb49dc7731a3830cf2c564e05b.ids
14,7,2760261320,2760261320-c4947910df2905a836027aae1bc1d061cf6033cb49dc7731a3830cf2c564e05b.ids
14,7,1906881742,1906881742-c4947910df2905a836027aae1bc1d061cf6033cb49dc7731a3830cf2c564e05b.ids
14,7,1424130266,1424130266-c4947910df2905a836027aae1bc1d061cf6033cb49dc7731a3830cf2c564e05b.ids
14,7,3007107812,3007107812-c4947910df2905a836027aae1bc1d061cf6033cb49dc7731a3830cf2c564e05b.ids
14,7,1504525286,1504525286-c4947910df2905a836027aae1bc1d061cf6033cb49dc7731a3830cf2c564e05b.ids
15,3,3436313223,3436313223-262d508ed04070deba477ae39b05e348caf2d7c817a4377cbe9a9b1f2921362f.ids
15,3,2760261320,2760261320-39b600f1b9b3c7e78ad55c87234e80c4766249b4f99847d23a8abe9611842326.ids
15,3,1906881742,1906881742-262d508ed04070deba477ae39b05e348caf2d7c817a4377cbe9a9b1f2921362f.ids
15,3,1424130266,1424130266-7c8da43fa0c5bf966f118642fa37618a09acd6c0730cb76f9e2fd4f5d459cb90.ids
15,3,3007107812,3007107812-262d508ed04070deba477ae39b05e348caf2d7c817a4377cbe9a9b1f2921362f.ids
15,3,1504525286,1504525286-262d508ed04070deba477ae39b05e348caf2d7c817a4377cbe9a9b1f2921362f.ids
15,3,3217895783,3217895783-89f41a56800f29faeaa246399bddebb47f0eb6c4601c968fa592d5253dfeedad.ids
15,3,1204538468,1204538468-b6f951c9bcde550bbaf8c79288094b70d0912784564719dc03cc452c1670e8a9.ids
15,7,2760261320,2760261320-c4947910df2905a836027aae1bc1d061cf6033cb49dc7731a3830cf2c564e05b.ids
15,7,1906881742,1906881742-c4947910df2905a836027aae1bc1d061cf6033cb49dc7731a3830cf2c564e05b.ids
15,7,1424130266,1424130266-c4947910df2905a836027aae1bc1d061cf6033cb49dc7731a3830cf2c564e05b.ids
15,7,3007107812,3007107812-c4947910df2905a836027aae1bc1d061cf6033cb49dc7731a3830cf2c564e05b.ids
15,7,1504525286,1504525286-c4947910df2905a836027aae1bc1d061cf6033cb49dc7731a3830cf2c564e05b.ids
16,3,3436313223,3436313223-262d508ed04070deba477ae39b05e348caf2d7c817a4377cbe9a9b1f2921362f.ids
16,3,2760261320,2760261320-39b600f1b9b3c7e78ad55c87234e80c4766249b4f99847d23a8abe9611842326.ids
16,3,1906881742,1906881742-262d508ed04070deba477ae39b05e348caf2d7c817a4377cbe9a9b1f2921362f.ids
16,3,1424130266,1424130266-7c8da43fa0c5bf966f118642fa37618a09acd6c0730cb76f9e2fd4f5d459cb90.ids
16,3,3007107812,3007107812-262d508ed04070deba477ae39b05e348caf2d7c817a4377cbe9a9b1f2921362f.ids
16,3,1504525286,1504525286-262d508ed04070deba477ae39b05e348caf2d7c817a4377cbe9a9b1f2921362f.ids
16,3,3217895783,3217895783-89f41a56800f29faeaa246399bddebb47f0eb6c4601c968fa592d5253dfeedad.ids
16,3,1204538468,1204538468-b6f951c9bcde550bbaf8c79288094b70d0912784564719dc03cc452c1670e8a9.ids
16,7,2760261320,2760261320-c4947910df2905a836027aae1bc1d061cf6033cb49dc7731a3830cf2c564e05b.ids
16,7,1906881742,1906881742-c4947910df2905a836027aae1bc1d061cf6033cb49dc7731a3830cf2c564e05b.ids
16,7,1424130266,1424130266-c4947910df2905a836027aae1bc1d061cf6033cb49dc7731a3830cf2c564e05b.ids
16,7,3007107812,3007107812-c4947910df2905a836027aae1bc1d061cf6033cb49dc7731a3830cf2c564e05b.ids
16,7,1504525286,1504525286-c4947910df2905a836027aae1bc1d061cf6033cb49dc7731a3830cf2c564e05b.ids
17,3,3436313223,3436313223-262d508ed04070deba477ae39b05e348caf2d7c817a4377cbe9a9b1f2921362f.ids
17,3,2760261320,2760261320-39b600f1b9b3c7e78ad55c87234e80c4766249b4f99847d23a8abe9611842326.ids
17,3,1906881742,1906881742-262d508ed04070deba477ae39b05e348caf2d7c817a4377cbe9a9b1f2921362f.ids
17,3,1424130266,1424130266-7c8da43fa0c5bf966f118642fa37618a09acd6c0730cb76f9e2fd4f5d459cb90.ids
17,3,3007107812,3007107812-262d508ed04070deba477ae39b05e348caf2d7c817a4377cbe9a9b1f2921362f.ids
17,3,1504525286,1504525286-262d508ed04070deba477ae39b05e348caf2d7c817a4377cbe9a9b1f2921362f.ids
17,3,1204538468,1204538468-b6f951c9bcde550bbaf8c79288094b70d0912784564719dc03cc452c1670e8a9.ids
17,7,2760261320,2760261320-c4947910df2905a836027aae1bc1d061cf6033cb49dc7731a3830cf2c564e05b.ids
17,7,1906881742,1906881742-c4947910df2905a836027aae1bc1d061cf6033cb49dc7731a3830cf2c564e05b.ids
17,7,1424130266,1424130266-c4947910df2905a836027aae1bc1d061cf6033cb49dc7731a3830cf2c564e05b.ids
17,7,3007107812,3007107812-c4947910df2905a836027aae1bc1d061cf6033cb49dc7731a3830cf2c564e05b.ids
17,7,1504525286,1504525286-c4947910df2905a836027aae1bc1d061cf6033cb49dc7731a3830cf2c564e05b.ids
18,3,3436313223,3436313223-262d508ed04070deba477ae39b05e348caf2d7c817a4377cbe9a9b1f2921362f.ids
18,3,2760261320,2760261320-39b600f1b9b3c7e78ad55c87234e80c4766249b4f99847d23a8abe9611842326.ids
18,3,1906881742,1906881742-262d508ed04070deba477ae39b05e348caf2d7c817a4377cbe9a9b1f2921362f.ids
18,3,1424130266,1424130266-7c8da43fa0c5bf966f118642fa37618a09acd6c0730cb76f9e2fd4f5d459cb90.ids
18,3,3007107812,3007107812-262d508ed04070deba477ae39b05e348caf2d7c817a4377cbe9a9b1f2921362f.ids
18,3,1504525286,1504525286-262d508ed04070deba477ae39b05e348caf2d7c817a4377cbe9a9b1f2921362f.ids
18,3,1204538468,1204538468-b6f951c9bcde550bbaf8c79288094b70d0912784564719dc03cc452c1670e8a9.ids
18,7,2760261320,2760261320-c4947910df2905a836027aae1bc1d061cf6033cb49dc7731a3830cf2c564e05b.ids
18,7,1906881742,1906881742-c4947910df2905a836027aae1bc1d061cf6033cb49dc7731a3830cf2c564e05b.ids
18,7,1424130266,1424130266-c4947910df2905a836027aae1bc1d061cf6033cb49dc7731a3830cf2c564e05b.ids
18,7,3007107812,3007107812-c4947910df2905a836027aae1bc1d061cf6033cb49dc7731a3830cf2c564e05b.ids
18,7,1504525286,1504525286-c4947910df2905a836027aae1bc1d061cf6033cb49dc7731a3830cf2c564e05b.ids
19,3,2760261320,2760261320-39b600f1b9b3c7e78ad55c87234e80c4766249b4f99847d23a8abe9611842326.ids
19,3,1906881742,1906881742-262d508ed04070deba477ae39b05e348caf2d7c817a4377cbe9a9b1f2921362f.ids
19,3,1424130266,1424130266-7c8da43fa0c5bf966f118642fa37618a09acd6c0730cb76f9e2fd4f5d459cb90.ids
19,3,3007107812,3007107812-262d508ed04070deba477ae39b05e348caf2d7c817a4377cbe9a9b1f2921362f.ids
19,3,1504525286,1504525286-262d508ed04070deba477ae39b05e348caf2d7c817a4377cbe9a9b1f2921362f.ids
19,3,1204538468,1204538468-b6f951c9bcde550bbaf8c79288094b70d0912784564719dc03cc452c1670e8a9.ids
19,7,3368667469,3368667469-c4947910df2905a836027aae1bc1d061cf6033cb49dc7731a3830cf2c564e05b.ids
19,7,2760261320,2760261320-c4947910df2905a836027aae1bc1d061cf6033cb49dc7731a3830cf2c564e05b.ids
19,7,1906881742,1906881742-c4947910df2905a836027aae1bc1d061cf6033cb49dc7731a3830cf2c564e05b.ids
19,7,1424130266,1424130266-c4947910df2905a836027aae1bc1d061cf6033cb49dc7731a3830cf2c564e05b.ids
19,7,3007107812,3007107812-c4947910df2905a836027aae1bc1d061cf6033cb49dc7731a3830cf2c564e05b.ids
19,7,1504525286,1504525286-c4947910df2905a836027aae1bc1d061cf6033cb49dc7731a3830cf2c564e05b.ids
20,3,2760261320,2760261320-39b600f1b9b3c7e78ad55c87234e80c4766249b4f99847d23a8abe9611842326.ids
20,3,1906881742,1906881742-262d508ed04070deba477ae39b05e348caf2d7c817a4377cbe9a9b1f2921362f.ids
20,3,3007107812,3007107812-262d508ed04070deba477ae39b05e348caf2d7c817a4377cbe9a9b1f2921362f.ids
20,3,1504525286,1504525286-262d508ed04070deba477ae39b05e348caf2d7c817a4377cbe9a9b1f2921362f.ids
20,3,1204538468,1204538468-b6f951c9bcde550bbaf8c79288094b70d0912784564719dc03cc452c1670e8a9.ids
20,7,3368667469,3368667469-c4947910df2905a836027aae1bc1d061cf6033cb49dc7731a3830cf2c564e05b.ids
20,7,2760261320,2760261320-c4947910df2905a836027aae1bc1d061cf6033cb49dc7731a3830cf2c564e05b.ids
20,7,1906881742,1906881742-c4947910df2905a836027aae1bc1d061cf6033cb49dc7731a3830cf2c564e05b.ids
20,7,1424130266,1424130266-c4947910df2905a836027aae1bc1d061cf6033cb49dc7731a3830cf2c564e05b.ids
20,7,3007107812,3007107812-c4947910df2905a836027aae1bc1d061cf6033cb49dc7731a3830cf2c564e05b.ids
20,7,1504525286,1504525286-c4947910df2905a836027aae1bc1d061cf6033cb49dc7731a3830cf2c564e05b.ids
21,3,2760261320,2760261320-39b600f1b9b3c7e78ad55c87234e80c4766249b4f99847d23a8abe9611842326.ids
21,3,1906881742,1906881742-262d508ed04070deba477ae39b05e348caf2d7c817a4377cbe9a9b1f2921362f.ids
21,3,1424130266,1424130266-3e893314b38f4ee25c20573ccfaa87f88de34f91c8628d95ec9d6a2b6a7999f9.ids
21,3,3007107812,3007107812-262d508ed04070deba477ae39b05e348caf2d7c817a4377cbe9a9b1f2921362f.ids
21,3,1204538468,1204538468-b6f951c9bcde550bbaf8c79288094b70d0912784564719dc03cc452c1670e8a9.ids
21,7,3368667469,3368667469-c4947910df2905a836027aae1bc1d061cf6033cb49dc7731a3830cf2c564e05b.ids
21,7,2760261320,2760261320-c4947910df2905a836027aae1bc1d061cf6033cb49dc7731a3830cf2c564e05b.ids
21,7,1906881742,1906881742-c4947910df2905a836027aae1bc1d061cf6033cb49dc7731a3830cf2c564e05b.ids
21,7,1424130266,1424130266-c4947910df2905a836027aae1bc1d061cf6033cb49dc7731a3830cf2c564e05b.ids
21,7,3007107812,3007107812-c4947910df2905a836027aae1bc1d061cf6033cb49dc7731a3830cf2c564e05b.ids
21,7,1504525286,1504525286-c4947910df2905a836027aae1bc1d061cf6033cb49dc7731a3830cf2c564e05b.ids
22,3,2760261320,2760261320-39b600f1b9b3c7e78ad55c87234e80c4766249b4f99847d23a8abe9611842326.ids
22,3,1424130266,1424130266-3e893314b38f4ee25c20573ccfaa87f88de34f91c8628d95ec9d6a2b6a7999f9.ids
22,3,3007107812,3007107812-262d508ed04070deba477ae39b05e348caf2d7c817a4377cbe9a9b1f2921362f.ids
22,3,1204538468,1204538468-b6f951c9bcde550bbaf8c79288094b70d0912784564719dc03cc452c1670e8a9.ids
22,7,3368667469,3368667469-c4947910df2905a836027aae1bc1d061cf6033cb49dc7731a3830cf2c564e05b.ids
22,7,2760261320,2760261320-c4947910df2905a836027aae1bc1d061cf6033cb49dc7731a3830cf2c564e05b.ids
22,7,1424130266,1424130266-c4947910df2905a836027aae1bc1d061cf6033cb49dc7731a3830cf2c564e05b.ids
22,7,3007107812,3007107812-c4947910df2905a836027aae1bc1d061cf6033cb49dc7731a3830cf2c564e05b.ids
22,7,1504525286,1504525286-c4947910df2905a836027aae1bc1d061cf6033cb49dc7731a3830cf2c564e05b.ids
23,3,2760261320,2760261320-39b600f1b9b3c7e78ad55c87234e80c4766249b4f99847d23a8abe9611842326.ids
23,3,3007107812,3007107812-262d508ed04070deba477ae39b05e348caf2d7c817a4377cbe9a9b1f2921362f.ids
23,3,1504525286,1504525286-262d508ed04070deba477ae39b05e348caf2d7c817a4377cbe9a9b1f2921362f.ids
23,3,1204538468,1204538468-b6f951c9bcde550bbaf8c79288094b70d0912784564719dc03cc452c1670e8a9.ids
23,7,3368667469,3368667469-c4947910df2905a836027aae1bc1d061cf6033cb49dc7731a3830cf2c564e05b.ids
23,7,2760261320,2760261320-c4947910df2905a836027aae1bc1d061cf6033cb49dc7731a3830cf2c564e05b.ids
23,7,1424130266,1424130266-c4947910df2905a836027aae1bc1d061cf6033cb49dc7731a3830cf2c564e05b.ids
23,7,3007107812,3007107812-c4947910df2905a836027aae1bc1d061cf6033cb49dc7731a3830cf2c564e05b.ids
23,7,1504525286,1504525286-c4947910df2905a836027aae1bc1d061cf6033cb49dc7731a3830cf2c564e05b.ids
24,3,2760261320,2760261320-39b600f1b9b3c7e78ad55c87234e80c4766249b4f99847d23a8abe9611842326.ids
24,3,3007107812,3007107812-262d508ed04070deba477ae39b05e348caf2d7c817a4377cbe9a9b1f2921362f.ids
24,3,1504525286,1504525286-262d508ed04070deba477ae39b05e348caf2d7c817a4377cbe9a9b1f2921362f.ids
24,3,1204538468,1204538468-b6f951c9bcde550bbaf8c79288094b70d0912784564719dc03cc452c1670e8a9.ids
24,7,975877749,975877749-c4947910df2905a836027aae1bc1d061cf6033cb49dc7731a3830cf2c564e05b.ids
24,7,3368667469,3368667469-c4947910df2905a836027aae1bc1d061cf6033cb49dc7731a3830cf2c564e05b.ids
24,7,2760261320,2760261320-c4947910df2905a836027aae1bc1d061cf6033cb49dc7731a3830cf2c564e05b.ids
24,7,1424130266,1424130266-c4947910df2905a836027aae1bc1d061cf6033cb49dc7731a3830cf2c564e05b.ids
24,7,3007107812,3007107812-c4947910df2905a836027aae1bc1d061cf6033cb49dc7731a3830cf2c564e05b.ids
24,7,1504525286,1504525286-c4947910df2905a836027aae1bc1d061cf6033cb49dc7731a3830cf2c564e05b.ids
25,3,2760261320,2760261320-39b600f1b9b3c7e78ad55c87234e80c4766249b4f99847d23a8abe9611842326.ids
25,3,1424130266,1424130266-7c8da43fa0c5bf966f118642fa37618a09acd6c0730cb76f9e2fd4f5d459cb90.ids
25,3,1514220152,1514220152-262d508ed04070deba477ae39b05e348caf2d7c817a4377cbe9a9b1f2921362f.ids
25,3,1504525286,1504525286-262d508ed04070deba477ae39b05e348caf2d7c817a4377cbe9a9b1f2921362f.ids
25,7,975877749,975877749-c4947910df2905a836027aae1bc1d061cf6033cb49dc7731a3830cf2c564e05b.ids
25,7,3368667469,3368667469-c4947910df2905a836027aae1bc1d061cf6033cb49dc7731a3830cf2c564e05b.ids
25,7,2760261320,2760261320-c4947910df2905a836027aae1bc1d061cf6033cb49dc7731a3830cf2c564e05b.ids
25,7,1424130266,1424130266-c4947910df2905a836027aae1bc1d061cf6033cb49dc7731a3830cf2c564e05b.ids
25,7,1514220152,1514220152-c4947910df2905a836027aae1bc1d061cf6033cb49dc7731a3830cf2c564e05b.ids
25,7,1504525286,1504525286-c4947910df2905a836027aae1bc1d061cf6033cb49dc7731a3830cf2c564e05b.ids
26,3,3361046760,3361046760-613a659bcda410ba82a3870fdacb063804d0d73c1adabd518a598c64daf690b6.ids
26,3,1424130266,1424130266-7c8da43fa0c5bf966f118642fa37618a09acd6c0730cb76f9e2fd4f5d459cb90.ids
26,3,1514220152,1514220152-262d508ed04070deba477ae39b05e348caf2d7c817a4377cbe9a9b1f2921362f.ids
26,3,3121141496,3121141496-ce49fe85fa777eb1a1727b217a1076e3b3ddb2f7173f3631b7bc25fc8bb074f3.ids
26,7,975877749,975877749-c4947910df2905a836027aae1bc1d061cf6033cb49dc7731a3830cf2c564e05b.ids
26,7,3368667469,3368667469-c4947910df2905a836027aae1bc1d061cf6033cb49dc7731a3830cf2c564e05b.ids
26,7,2760261320,2760261320-c4947910df2905a836027aae1bc1d061cf6033cb49dc7731a3830cf2c564e05b.ids
26,7,1424130266,1424130266-c4947910df2905a836027aae1bc1d061cf6033cb49dc7731a3830cf2c564e05b.ids
26,7,1514220152,1514220152-c4947910df2905a836027aae1bc1d061cf6033cb49dc7731a3830cf2c564e05b.ids
26,7,3345162729,3345162729-c4947910df2905a836027aae1bc1d061cf6033cb49dc7731a3830cf2c564e05b.ids
26,7,3121141496,3121141496-c4947910df2905a836027aae1bc1d061cf6033cb49dc7731a3830cf2c564e05b.ids
27,3,3361046760,3361046760-613a659bcda410ba82a3870fdacb063804d0d73c1adabd518a598c64daf690b6.ids
27,3,2912718818,2912718818-127b45b4882b4c1430f8dca3a7d006ba2a04cfddd2fb8bb72c82445115e88c20.ids
27,3,3345162729,3345162729-ca54d12315f72a9ca9091dd891182602cde12c4539e4c6be91f5392059369271.ids
27,3,3121141496,3121141496-ce49fe85fa777eb1a1727b217a1076e3b3ddb2f7173f3631b7bc25fc8bb074f3.ids
27,7,975877749,975877749-c4947910df2905a836027aae1bc1d061cf6033cb49dc7731a3830cf2c564e05b.ids
27,7,3368667469,3368667469-c4947910df2905a836027aae1bc1d061cf6033cb49dc7731a3830cf2c564e05b.ids
27,7,2760261320,2760261320-c4947910df2905a836027aae1bc1d061cf6033cb49dc7731a3830cf2c564e05b.ids
27,7,1514220152,1514220152-c4947910df2905a836027aae1bc1d061cf6033cb49dc7731a3830cf2c564e05b.ids
27,7,3345162729,3345162729-c4947910df2905a836027aae1bc1d061cf6033cb49dc7731a3830cf2c564e05b.ids
27,7,3121141496,3121141496-c4947910df2905a836027aae1bc1d061cf6033cb49dc7731a3830cf2c564e05b.ids
28,3,3361046760,3361046760-613a659bcda410ba82a3870fdacb063804d0d73c1adabd518a598c64daf690b6.ids
28,3,3345162729,3345162729-ca54d12315f72a9ca9091dd891182602cde12c4539e4c6be91f5392059369271.ids
28,3,2912718818,2912718818-127b45b4882b4c1430f8dca3a7d006ba2a04cfddd2fb8bb72c82445115e88c20.ids
28,7,975877749,975877749-c4947910df2905a836027aae1bc1d061cf6033cb49dc7731a3830cf2c564e05b.ids
28,7,3368667469,3368667469-c4947910df2905a836027aae1bc1d061cf6033cb49dc7731a3830cf2c564e05b.ids
28,7,1514220152,1514220152-c4947910df2905a836027aae1bc1d061cf6033cb49dc7731a3830cf2c564e05b.ids
28,7,3345162729,3345162729-c4947910df2905a836027aae1bc1d061cf6033cb49dc7731a3830cf2c564e05b.ids
28,7,3121141496,3121141496-c4947910df2905a836027aae1bc1d061cf6033cb49dc7731a3830cf2c564e05b.ids
28,7,3371584014,3371584014-c4947910df2905a836027aae1bc1d061cf6033cb49dc7731a3830cf2c564e05b.ids
29,3,3361046760,3361046760-613a659bcda410ba82a3870fdacb063804d0d73c1adabd518a598c64daf690b6.ids
29,3,3345162729,3345162729-ca54d12315f72a9ca9091dd891182602cde12c4539e4c6be91f5392059369271.ids
29,7,975877749,975877749-c4947910df2905a836027aae1bc1d061cf6033cb49dc7731a3830cf2c564e05b.ids
29,7,3368667469,3368667469-c4947910df2905a836027aae1bc1d061cf6033cb49dc7731a3830cf2c564e05b.ids
29,7,1514220152,1514220152-c4947910df2905a836027aae1bc1d061cf6033cb49dc7731a3830cf2c564e05b.ids
29,7,3345162729,3345162729-c4947910df2905a836027aae1bc1d061cf6033cb49dc7731a3830cf2c564e05b.ids
29,7,3121141496,3121141496-c4947910df2905a836027aae1bc1d061cf6033cb49dc7731a3830cf2c564e05b.ids
29,7,3395615331,3395615331-c4947910df2905a836027aae1bc1d061cf6033cb49dc7731a3830cf2c564e05b.ids
29,7,3371584014,3371584014-c4947910df2905a836027aae1bc1d061cf6033cb49dc7731a3830cf2c564e05b.ids
3,7,325025771,325025771-c4947910df2905a836027aae1bc1d061cf6033cb49dc7731a3830cf2c564e05b.ids
3,7,3007107812,3007107812-c4947910df2905a836027aae1bc1d061cf6033cb49dc7731a3830cf2c564e05b.ids
30,3,904395588,904395588-262d508ed04070deba477ae39b05e348caf2d7c817a4377cbe9a9b1f2921362f.ids
30,3,2522530102,2522530102-854a6cdd2f094b41ebfb46297a0ce482788a2da6fc528dcff497b7712d631419.ids
30,3,3361046760,3361046760-613a659bcda410ba82a3870fdacb063804d0d73c1adabd518a598c64daf690b6.ids
30,3,3345162729,3345162729-ca54d12315f72a9ca9091dd891182602cde12c4539e4c6be91f5392059369271.ids
30,3,3077360081,3077360081-ce49fe85fa777eb1a1727b217a1076e3b3ddb2f7173f3631b7bc25fc8bb074f3.ids
30,3,4280490483,4280490483-4bae6ea4576e9314ff0d5bb919988de5003876f45dfe14eac7cdbd954f851bc2.ids
30,7,3368667469,3368667469-c4947910df2905a836027aae1bc1d061cf6033cb49dc7731a3830cf2c564e05b.ids
30,7,1514220152,1514220152-c4947910df2905a836027aae1bc1d061cf6033cb49dc7731a3830cf2c564e05b.ids
30,7,3345162729,3345162729-c4947910df2905a836027aae1bc1d061cf6033cb49dc7731a3830cf2c564e05b.ids
30,7,3121141496,3121141496-c4947910df2905a836027aae1bc1d061cf6033cb49dc7731a3830cf2c564e05b.ids
30,7,3395615331,3395615331-c4947910df2905a836027aae1bc1d061cf6033cb49dc7731a3830cf2c564e05b.ids
30,7,3371584014,3371584014-c4947910df2905a836027aae1bc1d061cf6033cb49dc7731a3830cf2c564e05b.ids
31,3,904395588,904395588-262d508ed04070deba477ae39b05e348caf2d7c817a4377cbe9a9b1f2921362f.ids
31,3,2522530102,2522530102-854a6cdd2f094b41ebfb46297a0ce482788a2da6fc528dcff497b7712d631419.ids
31,3,3361046760,3361046760-613a659bcda410ba82a3870fdacb063804d0d73c1adabd518a598c64daf690b6.ids
31,3,1514220152,1514220152-262d508ed04070deba477ae39b05e348caf2d7c817a4377cbe9a9b1f2921362f.ids
31,3,3345162729,3345162729-ca54d12315f72a9ca9091dd891182602cde12c4539e4c6be91f5392059369271.ids
31,3,3077360081,3077360081-ce49fe85fa777eb1a1727b217a1076e3b3ddb2f7173f3631b7bc25fc8bb074f3.ids
31,3,4280490483,4280490483-4bae6ea4576e9314ff0d5bb919988de5003876f45dfe14eac7cdbd954f851bc2.ids
31,7,1514220152,1514220152-c4947910df2905a836027aae1bc1d061cf6033cb49dc7731a3830cf2c564e05b.ids
31,7,3345162729,3345162729-c4947910df2905a836027aae1bc1d061cf6033cb49dc7731a3830cf2c564e05b.ids
31,7,3121141496,3121141496-c4947910df2905a836027aae1bc1d061cf6033cb49dc7731a3830cf2c564e05b.ids
31,7,3395615331,3395615331-c4947910df2905a836027aae1bc1d061cf6033cb49dc7731a3830cf2c564e05b.ids
31,7,3371584014,3371584014-c4947910df2905a836027aae1bc1d061cf6033cb49dc7731a3830cf2c564e05b.ids
32,3,904395588,904395588-262d508ed04070deba477ae39b05e348caf2d7c817a4377cbe9a9b1f2921362f.ids
32,3,3361046760,3361046760-613a659bcda410ba82a3870fdacb063804d0d73c1adabd518a598c64daf690b6.ids
32,3,1514220152,1514220152-262d508ed04070deba477ae39b05e348caf2d7c817a4377cbe9a9b1f2921362f.ids
32,3,3345162729,3345162729-ca54d12315f72a9ca9091dd891182602cde12c4539e4c6be91f5392059369271.ids
32,3,3077360081,3077360081-ce49fe85fa777eb1a1727b217a1076e3b3ddb2f7173f3631b7bc25fc8bb074f3.ids
32,7,1514220152,1514220152-c4947910df2905a836027aae1bc1d061cf6033cb49dc7731a3830cf2c564e05b.ids
32,7,3345162729,3345162729-c4947910df2905a836027aae1bc1d061cf6033cb49dc7731a3830cf2c564e05b.ids
32,7,3121141496,3121141496-c4947910df2905a836027aae1bc1d061cf6033cb49dc7731a3830cf2c564e05b.ids
32,7,3371584014,3371584014-c4947910df2905a836027aae1bc1d061cf6033cb49dc7731a3830cf2c564e05b.ids
33,3,904395588,904395588-262d508ed04070deba477ae39b05e348caf2d7c817a4377cbe9a9b1f2921362f.ids
33,3,3361046760,3361046760-613a659bcda410ba82a3870fdacb063804d0d73c1adabd518a598c64daf690b6.ids
33,3,3345162729,3345162729-ca54d12315f72a9ca9091dd891182602cde12c4539e4c6be91f5392059369271.ids
33,3,3077360081,3077360081-ce49fe85fa777eb1a1727b217a1076e3b3ddb2f7173f3631b7bc25fc8bb074f3.ids
33,7,3345162729,3345162729-c4947910df2905a836027aae1bc1d061cf6033cb49dc7731a3830cf2c564e05b.ids
33,7,3121141496,3121141496-c4947910df2905a836027aae1bc1d061cf6033cb49dc7731a3830cf2c564e05b.ids
33,7,3371584014,3371584014-c4947910df2905a836027aae1bc1d061cf6033cb49dc7731a3830cf2c564e05b.ids
34,3,3361046760,3361046760-613a659bcda410ba82a3870fdacb063804d0d73c1adabd518a598c64daf690b6.ids
34,3,3345162729,3345162729-ca54d12315f72a9ca9091dd891182602cde12c4539e4c6be91f5392059369271.ids
34,3,3077360081,3077360081-ce49fe85fa777eb1a1727b217a1076e3b3ddb2f7173f3631b7bc25fc8bb074f3.ids
34,3,4280490483,4280490483-4bae6ea4576e9314ff0d5bb919988de5003876f45dfe14eac7cdbd954f851bc2.ids
34,7,3345162729,3345162729-c4947910df2905a836027aae1bc1d061cf6033cb49dc7731a3830cf2c564e05b.ids
34,7,3121141496,3121141496-c4947910df2905a836027aae1bc1d061cf6033cb49dc7731a3830cf2c564e05b.ids
34,7,3371584014,3371584014-c4947910df2905a836027aae1bc1d061cf6033cb49dc7731a3830cf2c564e05b.ids
35,3,3361046760,3361046760-613a659bcda410ba82a3870fdacb063804d0d73c1adabd518a598c64daf690b6.ids
35,3,3345162729,3345162729-ca54d12315f72a9ca9091dd891182602cde12c4539e4c6be91f5392059369271.ids
35,3,3077360081,3077360081-ce49fe85fa777eb1a1727b217a1076e3b3ddb2f7173f3631b7bc25fc8bb074f3.ids
35,3,4280490483,4280490483-4bae6ea4576e9314ff0d5bb919988de5003876f45dfe14eac7cdbd954f851bc2.ids
35,7,3345162729,3345162729-c4947910df2905a836027aae1bc1d061cf6033cb49dc7731a3830cf2c564e05b.ids
35,7,3121141496,3121141496-c4947910df2905a836027aae1bc1d061cf6033cb49dc7731a3830cf2c564e05b.ids
35,7,3371584014,3371584014-c4947910df2905a836027aae1bc1d061cf6033cb49dc7731a3830cf2c564e05b.ids
36,3,3361046760,3361046760-613a659bcda410ba82a3870fdacb063804d0d73c1adabd518a598c64daf690b6.ids
36,3,1295802477,1295802477-262d508ed04070deba477ae39b05e348caf2d7c817a4377cbe9a9b1f2921362f.ids
36,3,3345162729,3345162729-ca54d12315f72a9ca9091dd891182602cde12c4539e4c6be91f5392059369271.ids
36,3,3077360081,3077360081-ce49fe85fa777eb1a1727b217a1076e3b3ddb2f7173f3631b7bc25fc8bb074f3.ids
36,3,4280490483,4280490483-4bae6ea4576e9314ff0d5bb919988de5003876f45dfe14eac7cdbd954f851bc2.ids
36,7,3371584014,3371584014-c4947910df2905a836027aae1bc1d061cf6033cb49dc7731a3830cf2c564e05b.ids
36,7,3345162729,3345162729-c4947910df2905a836027aae1bc1d061cf6033cb49dc7731a3830cf2c564e05b.ids
37,3,1295802477,1295802477-262d508ed04070deba477ae39b05e348caf2d7c817a4377cbe9a9b1f2921362f.ids
37,3,3345162729,3345162729-ca54d12315f72a9ca9091dd891182602cde12c4539e4c6be91f5392059369271.ids
37,3,3077360081,3077360081-ce49fe85fa777eb1a1727b217a1076e3b3ddb2f7173f3631b7bc25fc8bb074f3.ids
37,3,4280490483,4280490483-4bae6ea4576e9314ff0d5bb919988de5003876f45dfe14eac7cdbd954f851bc2.ids
37,7,3371584014,3371584014-c4947910df2905a836027aae1bc1d061cf6033cb49dc7731a3830cf2c564e05b.ids
37,7,1878641631,1878641631-c4947910df2905a836027aae1bc1d061cf6033cb49dc7731a3830cf2c564e05b.ids
37,7,3345162729,3345162729-c4947910df2905a836027aae1bc1d061cf6033cb49dc7731a3830cf2c564e05b.ids
38,3,1295802477,1295802477-262d508ed04070deba477ae39b05e348caf2d7c817a4377cbe9a9b1f2921362f.ids
38,3,3077360081,3077360081-ce49fe85fa777eb1a1727b217a1076e3b3ddb2f7173f3631b7bc25fc8bb074f3.ids
38,3,4280490483,4280490483-4bae6ea4576e9314ff0d5bb919988de5003876f45dfe14eac7cdbd954f851bc2.ids
38,7,3371584014,3371584014-c4947910df2905a836027aae1bc1d061cf6033cb49dc7731a3830cf2c564e05b.ids
38,7,1878641631,1878641631-c4947910df2905a836027aae1bc1d061cf6033cb49dc7731a3830cf2c564e05b.ids
39,3,1295802477,1295802477-262d508ed04070deba477ae39b05e348caf2d7c817a4377cbe9a9b1f2921362f.ids
39,3,3077360081,3077360081-ce49fe85fa777eb1a1727b217a1076e3b3ddb2f7173f3631b7bc25fc8bb074f3.ids
39,3,4280490483,4280490483-4bae6ea4576e9314ff0d5bb919988de5003876f45dfe14eac7cdbd954f851bc2.ids
39,7,3371584014,3371584014-c4947910df2905a836027aae1bc1d061cf6033cb49dc7731a3830cf2c564e05b.ids
39,7,1878641631,1878641631-c4947910df2905a836027aae1bc1d061cf6033cb49dc7731a3830cf2c564e05b.ids
4,3,1906881742,1906881742-262d508ed04070deba477ae39b05e348caf2d7c817a4377cbe9a9b1f2921362f.ids
4,3,1204538468,1204538468-b6f951c9bcde550bbaf8c79288094b70d0912784564719dc03cc452c1670e8a9.ids
4,7,325025771,325025771-c4947910df2905a836027aae1bc1d061cf6033cb49dc7731a3830cf2c564e05b.ids
4,7,1906881742,1906881742-c4947910df2905a836027aae1bc1d061cf6033cb49dc7731a3830cf2c564e05b.ids
4,7,3007107812,3007107812-c4947910df2905a836027aae1bc1d061cf6033cb49dc7731a3830cf2c564e05b.ids
4,7,1504525286,1504525286-c4947910df2905a836027aae1bc1d061cf6033cb49dc7731a3830cf2c564e05b.ids
40,3,1295802477,1295802477-262d508ed04070deba477ae39b05e348caf2d7c817a4377cbe9a9b1f2921362f.ids
40,3,3077360081,3077360081-ce49fe85fa777eb1a1727b217a1076e3b3ddb2f7173f3631b7bc25fc8bb074f3.ids
40,3,4280490483,4280490483-4bae6ea4576e9314ff0d5bb919988de5003876f45dfe14eac7cdbd954f851bc2.ids
40,7,3371584014,3371584014-c4947910df2905a836027aae1bc1d061cf6033cb49dc7731a3830cf2c564e05b.ids
40,7,1878641631,1878641631-c4947910df2905a836027aae1bc1d061cf6033cb49dc7731a3830cf2c564e05b.ids
41,3,1295802477,1295802477-262d508ed04070deba477ae39b05e348caf2d7c817a4377cbe9a9b1f2921362f.ids
41,3,3077360081,3077360081-ce49fe85fa777eb1a1727b217a1076e3b3ddb2f7173f3631b7bc25fc8bb074f3.ids
41,7,3371584014,3371584014-c4947910df2905a836027aae1bc1d061cf6033cb49dc7731a3830cf2c564e05b.ids
41,7,1878641631,1878641631-c4947910df2905a836027aae1bc1d061cf6033cb49dc7731a3830cf2c564e05b.ids
42,3,1295802477,1295802477-262d508ed04070deba477ae39b05e348caf2d7c817a4377cbe9a9b1f2921362f.ids
42,3,3077360081,3077360081-ce49fe85fa777eb1a1727b217a1076e3b3ddb2f7173f3631b7bc25fc8bb074f3.ids
42,7,3295241155,3295241155-c4947910df2905a836027aae1bc1d061cf6033cb49dc7731a3830cf2c564e05b.ids
42,7,1878641631,1878641631-c4947910df2905a836027aae1bc1d061cf6033cb49dc7731a3830cf2c564e05b.ids
43,3,3077360081,3077360081-ce49fe85fa777eb1a1727b217a1076e3b3ddb2f7173f3631b7bc25fc8bb074f3.ids
43,7,3295241155,3295241155-c4947910df2905a836027aae1bc1d061cf6033cb49dc7731a3830cf2c564e05b.ids
43,7,1878641631,1878641631-c4947910df2905a836027aae1bc1d061cf6033cb49dc7731a3830cf2c564e05b.ids
44,7,3295241155,3295241155-c4947910df2905a836027aae1bc1d061cf6033cb49dc7731a3830cf2c564e05b.ids
44,7,1878641631,1878641631-c4947910df2905a836027aae1bc1d061cf6033cb49dc7731a3830cf2c564e05b.ids
45,7,3295241155,3295241155-c4947910df2905a836027aae1bc1d061cf6033cb49dc7731a3830cf2c564e05b.ids
45,7,1878641631,1878641631-c4947910df2905a836027aae1bc1d061cf6033cb49dc7731a3830cf2c564e05b.ids
46,7,3295241155,3295241155-c4947910df2905a836027aae1bc1d061cf6033cb49dc7731a3830cf2c564e05b.ids
46,7,1878641631,1878641631-c4947910df2905a836027aae1bc1d061cf6033cb49dc7731a3830cf2c564e05b.ids
47,7,3295241155,3295241155-c4947910df2905a836027aae1bc1d061cf6033cb49dc7731a3830cf2c564e05b.ids
47,7,1878641631,1878641631-c4947910df2905a836027aae1bc1d061cf6033cb49dc7731a3830cf2c564e05b.ids
48,7,3295241155,3295241155-c4947910df2905a836027aae1bc1d061cf6033cb49dc7731a3830cf2c564e05b.ids
48,7,1161136519,1161136519-c4947910df2905a836027aae1bc1d061cf6033cb49dc7731a3830cf2c564e05b.ids
48,7,1878641631,1878641631-c4947910df2905a836027aae1bc1d061cf6033cb49dc7731a3830cf2c564e05b.ids
48,7,3526406823,3526406823-c4947910df2905a836027aae1bc1d061cf6033cb49dc7731a3830cf2c564e05b.ids
49,7,3295241155,3295241155-c4947910df2905a836027aae1bc1d061cf6033cb49dc7731a3830cf2c564e05b.ids
49,7,1161136519,1161136519-c4947910df2905a836027aae1bc1d061cf6033cb49dc7731a3830cf2c564e05b.ids
49,7,3526406823,3526406823-c4947910df2905a836027aae1bc1d061cf6033cb49dc7731a3830cf2c564e05b.ids
5,3,325025771,325025771-24af8504fac95adecd505df3ad66afa25f6f63728204d44f40c89b8202ecfd33.ids
5,3,1906881742,1906881742-262d508ed04070deba477ae39b05e348caf2d7c817a4377cbe9a9b1f2921362f.ids
5,3,1424130266,1424130266-7c8da43fa0c5bf966f118642fa37618a09acd6c0730cb76f9e2fd4f5d459cb90.ids
5,3,1204538468,1204538468-b6f951c9bcde550bbaf8c79288094b70d0912784564719dc03cc452c1670e8a9.ids
5,7,325025771,325025771-c4947910df2905a836027aae1bc1d061cf6033cb49dc7731a3830cf2c564e05b.ids
5,7,1906881742,1906881742-c4947910df2905a836027aae1bc1d061cf6033cb49dc7731a3830cf2c564e05b.ids
5,7,1424130266,1424130266-c4947910df2905a836027aae1bc1d061cf6033cb49dc7731a3830cf2c564e05b.ids
5,7,3007107812,3007107812-c4947910df2905a836027aae1bc1d061cf6033cb49dc7731a3830cf2c564e05b.ids
5,7,1504525286,1504525286-c4947910df2905a836027aae1bc1d061cf6033cb49dc7731a3830cf2c564e05b.ids
50,7,3295241155,3295241155-c4947910df2905a836027aae1bc1d061cf6033cb49dc7731a3830cf2c564e05b.ids
50,7,1161136519,1161136519-c4947910df2905a836027aae1bc1d061cf6033cb49dc7731a3830cf2c564e05b.ids
50,7,3526406823,3526406823-c4947910df2905a836027aae1bc1d061cf6033cb49dc7731a3830cf2c564e05b.ids
51,7,3295241155,3295241155-c4947910df2905a836027aae1bc1d061cf6033cb49dc7731a3830cf2c564e05b.ids
51,7,1161136519,1161136519-c4947910df2905a836027aae1bc1d061cf6033cb49dc7731a3830cf2c564e05b.ids
51,7,3526406823,3526406823-c4947910df2905a836027aae1bc1d061cf6033cb49dc7731a3830cf2c564e05b.ids
52,7,3295241155,3295241155-c4947910df2905a836027aae1bc1d061cf6033cb49dc7731a3830cf2c564e05b.ids
52,7,1161136519,1161136519-c4947910df2905a836027aae1bc1d061cf6033cb49dc7731a3830cf2c564e05b.ids
52,7,3526406823,3526406823-c4947910df2905a836027aae1bc1d061cf6033cb49dc7731a3830cf2c564e05b.ids
52,7,3528943668,3528943668-c4947910df2905a836027aae1bc1d061cf6033cb49dc7731a3830cf2c564e05b.ids
53,7,2347155893,2347155893-c4947910df2905a836027aae1bc1d061cf6033cb49dc7731a3830cf2c564e05b.ids
53,7,3295241155,3295241155-c4947910df2905a836027aae1bc1d061cf6033cb49dc7731a3830cf2c564e05b.ids
53,7,1161136519,1161136519-c4947910df2905a836027aae1bc1d061cf6033cb49dc7731a3830cf2c564e05b.ids
53,7,3526406823,3526406823-c4947910df2905a836027aae1bc1d061cf6033cb49dc7731a3830cf2c564e05b.ids
53,7,3528943668,3528943668-c4947910df2905a836027aae1bc1d061cf6033cb49dc7731a3830cf2c564e05b.ids
54,7,2347155893,2347155893-c4947910df2905a836027aae1bc1d061cf6033cb49dc7731a3830cf2c564e05b.ids
54,7,1161136519,1161136519-c4947910df2905a836027aae1bc1d061cf6033cb49dc7731a3830cf2c564e05b.ids
54,7,3526406823,3526406823-c4947910df2905a836027aae1bc1d061cf6033cb49dc7731a3830cf2c564e05b.ids
54,7,3528943668,3528943668-c4947910df2905a836027aae1bc1d061cf6033cb49dc7731a3830cf2c564e05b.ids
55,7,2347155893,2347155893-c4947910df2905a836027aae1bc1d061cf6033cb49dc7731a3830cf2c564e05b.ids
55,7,1161136519,1161136519-c4947910df2905a836027aae1bc1d061cf6033cb49dc7731a3830cf2c564e05b.ids
55,7,3526406823,3526406823-c4947910df2905a836027aae1bc1d061cf6033cb49dc7731a3830cf2c564e05b.ids
55,7,3528943668,3528943668-c4947910df2905a836027aae1bc1d061cf6033cb49dc7731a3830cf2c564e05b.ids
55,7,3316836470,3316836470-c4947910df2905a836027aae1bc1d061cf6033cb49dc7731a3830cf2c564e05b.ids
56,3,2347155893,2347155893-262d508ed04070deba477ae39b05e348caf2d7c817a4377cbe9a9b1f2921362f.ids
56,7,2347155893,2347155893-c4947910df2905a836027aae1bc1d061cf6033cb49dc7731a3830cf2c564e05b.ids
56,7,1161136519,1161136519-c4947910df2905a836027aae1bc1d061cf6033cb49dc7731a3830cf2c564e05b.ids
56,7,3526406823,3526406823-c4947910df2905a836027aae1bc1d061cf6033cb49dc7731a3830cf2c564e05b.ids
56,7,3528943668,3528943668-c4947910df2905a836027aae1bc1d061cf6033cb49dc7731a3830cf2c564e05b.ids
56,7,3316836470,3316836470-c4947910df2905a836027aae1bc1d061cf6033cb49dc7731a3830cf2c564e05b.ids
57,3,2347155893,2347155893-262d508ed04070deba477ae39b05e348caf2d7c817a4377cbe9a9b1f2921362f.ids
57,7,2347155893,2347155893-c4947910df2905a836027aae1bc1d061cf6033cb49dc7731a3830cf2c564e05b.ids
57,7,1161136519,1161136519-c4947910df2905a836027aae1bc1d061cf6033cb49dc7731a3830cf2c564e05b.ids
57,7,3526406823,3526406823-c4947910df2905a836027aae1bc1d061cf6033cb49dc7731a3830cf2c564e05b.ids
57,7,3528943668,3528943668-c4947910df2905a836027aae1bc1d061cf6033cb49dc7731a3830cf2c564e05b.ids
57,7,3316836470,3316836470-c4947910df2905a836027aae1bc1d061cf6033cb49dc7731a3830cf2c564e05b.ids
58,3,2347155893,2347155893-262d508ed04070deba477ae39b05e348caf2d7c817a4377cbe9a9b1f2921362f.ids
58,7,2425946942,2425946942-c4947910df2905a836027aae1bc1d061cf6033cb49dc7731a3830cf2c564e05b.ids
58,7,2347155893,2347155893-c4947910df2905a836027aae1bc1d061cf6033cb49dc7731a3830cf2c564e05b.ids
58,7,3526406823,3526406823-c4947910df2905a836027aae1bc1d061cf6033cb49dc7731a3830cf2c564e05b.ids
58,7,3528943668,3528943668-c4947910df2905a836027aae1bc1d061cf6033cb49dc7731a3830cf2c564e05b.ids
58,7,3316836470,3316836470-c4947910df2905a836027aae1bc1d061cf6033cb49dc7731a3830cf2c564e05b.ids
59,3,2347155893,2347155893-262d508ed04070deba477ae39b05e348caf2d7c817a4377cbe9a9b1f2921362f.ids
59,7,2425946942,2425946942-c4947910df2905a836027aae1bc1d061cf6033cb49dc7731a3830cf2c564e05b.ids
59,7,2347155893,2347155893-c4947910df2905a836027aae1bc1d061cf6033cb49dc7731a3830cf2c564e05b.ids
59,7,3316836470,3316836470-c4947910df2905a836027aae1bc1d061cf6033cb49dc7731a3830cf2c564e05b.ids
59,7,3526406823,3526406823-c4947910df2905a836027aae1bc1d061cf6033cb49dc7731a3830cf2c564e05b.ids
59,7,3528943668,3528943668-c4947910df2905a836027aae1bc1d061cf6033cb49dc7731a3830cf2c564e05b.ids
6,3,1906881742,1906881742-262d508ed04070deba477ae39b05e348caf2d7c817a4377cbe9a9b1f2921362f.ids
6,3,1424130266,1424130266-7c8da43fa0c5bf966f118642fa37618a09acd6c0730cb76f9e2fd4f5d459cb90.ids
6,3,325025771,325025771-24af8504fac95adecd505df3ad66afa25f6f63728204d44f40c89b8202ecfd33.ids
6,3,1204538468,1204538468-b6f951c9bcde550bbaf8c79288094b70d0912784564719dc03cc452c1670e8a9.ids
6,7,325025771,325025771-c4947910df2905a836027aae1bc1d061cf6033cb49dc7731a3830cf2c564e05b.ids
6,7,2760261320,2760261320-c4947910df2905a836027aae1bc1d061cf6033cb49dc7731a3830cf2c564e05b.ids
6,7,1906881742,1906881742-c4947910df2905a836027aae1bc1d061cf6033cb49dc7731a3830cf2c564e05b.ids
6,7,1424130266,1424130266-c4947910df2905a836027aae1bc1d061cf6033cb49dc7731a3830cf2c564e05b.ids
6,7,3007107812,3007107812-c4947910df2905a836027aae1bc1d061cf6033cb49dc7731a3830cf2c564e05b.ids
6,7,1504525286,1504525286-c4947910df2905a836027aae1bc1d061cf6033cb49dc7731a3830cf2c564e05b.ids
60,3,2347155893,2347155893-262d508ed04070deba477ae39b05e348caf2d7c817a4377cbe9a9b1f2921362f.ids
60,3,3516384350,3516384350-ce49fe85fa777eb1a1727b217a1076e3b3ddb2f7173f3631b7bc25fc8bb074f3.ids
60,7,2425946942,2425946942-c4947910df2905a836027aae1bc1d061cf6033cb49dc7731a3830cf2c564e05b.ids
60,7,2347155893,2347155893-c4947910df2905a836027aae1bc1d061cf6033cb49dc7731a3830cf2c564e05b.ids
60,7,3316836470,3316836470-c4947910df2905a836027aae1bc1d061cf6033cb49dc7731a3830cf2c564e05b.ids
60,7,3528943668,3528943668-c4947910df2905a836027aae1bc1d061cf6033cb49dc7731a3830cf2c564e05b.ids
60,7,2928792287,2928792287-c4947910df2905a836027aae1bc1d061cf6033cb49dc7731a3830cf2c564e05b.ids
61,3,2347155893,2347155893-262d508ed04070deba477ae39b05e348caf2d7c817a4377cbe9a9b1f2921362f.ids
61,3,3316836470,3316836470-ce49fe85fa777eb1a1727b217a1076e3b3ddb2f7173f3631b7bc25fc8bb074f3.ids
61,3,3516384350,3516384350-ce49fe85fa777eb1a1727b217a1076e3b3ddb2f7173f3631b7bc25fc8bb074f3.ids
61,7,2425946942,2425946942-c4947910df2905a836027aae1bc1d061cf6033cb49dc7731a3830cf2c564e05b.ids
61,7,2347155893,2347155893-c4947910df2905a836027aae1bc1d061cf6033cb49dc7731a3830cf2c564e05b.ids
61,7,3528943668,3528943668-c4947910df2905a836027aae1bc1d061cf6033cb49dc7731a3830cf2c564e05b.ids
61,7,3316836470,3316836470-c4947910df2905a836027aae1bc1d061cf6033cb49dc7731a3830cf2c564e05b.ids
61,7,2928792287,2928792287-c4947910df2905a836027aae1bc1d061cf6033cb49dc7731a3830cf2c564e05b.ids
62,3,2347155893,2347155893-262d508ed04070deba477ae39b05e348caf2d7c817a4377cbe9a9b1f2921362f.ids
62,3,3316836470,3316836470-ce49fe85fa777eb1a1727b217a1076e3b3ddb2f7173f3631b7bc25fc8bb074f3.ids
62,7,2425946942,2425946942-c4947910df2905a836027aae1bc1d061cf6033cb49dc7731a3830cf2c564e05b.ids
62,7,2347155893,2347155893-c4947910df2905a836027aae1bc1d061cf6033cb49dc7731a3830cf2c564e05b.ids
62,7,3528943668,3528943668-c4947910df2905a836027aae1bc1d061cf6033cb49dc7731a3830cf2c564e05b.ids
62,7,3316836470,3316836470-c4947910df2905a836027aae1bc1d061cf6033cb49dc7731a3830cf2c564e05b.ids
62,7,2928792287,2928792287-c4947910df2905a836027aae1bc1d061cf6033cb49dc7731a3830cf2c564e05b.ids
63,3,3316836470,3316836470-ce49fe85fa777eb1a1727b217a1076e3b3ddb2f7173f3631b7bc25fc8bb074f3.ids
63,7,2425946942,2425946942-c4947910df2905a836027aae1bc1d061cf6033cb49dc7731a3830cf2c564e05b.ids
63,7,3528943668,3528943668-c4947910df2905a836027aae1bc1d061cf6033cb49dc7731a3830cf2c564e05b.ids
63,7,3316836470,3316836470-c4947910df2905a836027aae1bc1d061cf6033cb49dc7731a3830cf2c564e05b.ids
63,7,2928792287,2928792287-c4947910df2905a836027aae1bc1d061cf6033cb49dc7731a3830cf2c564e05b.ids
64,3,3316836470,3316836470-ce49fe85fa777eb1a1727b217a1076e3b3ddb2f7173f3631b7bc25fc8bb074f3.ids
64,7,2425946942,2425946942-c4947910df2905a836027aae1bc1d061cf6033cb49dc7731a3830cf2c564e05b.ids
64,7,3316836470,3316836470-c4947910df2905a836027aae1bc1d061cf6033cb49dc7731a3830cf2c564e05b.ids
64,7,2928792287,2928792287-c4947910df2905a836027aae1bc1d061cf6033cb49dc7731a3830cf2c564e05b.ids
65,3,3316836470,3316836470-ce49fe85fa777eb1a1727b217a1076e3b3ddb2f7173f3631b7bc25fc8bb074f3.ids
65,7,2425946942,2425946942-c4947910df2905a836027aae1bc1d061cf6033cb49dc7731a3830cf2c564e05b.ids
65,7,3316836470,3316836470-c4947910df2905a836027aae1bc1d061cf6033cb49dc7731a3830cf2c564e05b.ids
65,7,2928792287,2928792287-c4947910df2905a836027aae1bc1d061cf6033cb49dc7731a3830cf2c564e05b.ids
66,3,3316836470,3316836470-ce49fe85fa777eb1a1727b217a1076e3b3ddb2f7173f3631b7bc25fc8bb074f3.ids
66,7,2425946942,2425946942-c4947910df2905a836027aae1bc1d061cf6033cb49dc7731a3830cf2c564e05b.ids
66,7,2097594834,2097594834-c4947910df2905a836027aae1bc1d061cf6033cb49dc7731a3830cf2c564e05b.ids
66,7,2928792287,2928792287-c4947910df2905a836027aae1bc1d061cf6033cb49dc7731a3830cf2c564e05b.ids
66,7,3316836470,3316836470-c4947910df2905a836027aae1bc1d061cf6033cb49dc7731a3830cf2c564e05b.ids
67,7,3049714598,3049714598-c4947910df2905a836027aae1bc1d061cf6033cb49dc7731a3830cf2c564e05b.ids
67,7,2425946942,2425946942-c4947910df2905a836027aae1bc1d061cf6033cb49dc7731a3830cf2c564e05b.ids
67,7,2097594834,2097594834-c4947910df2905a836027aae1bc1d061cf6033cb49dc7731a3830cf2c564e05b.ids
67,7,2928792287,2928792287-c4947910df2905a836027aae1bc1d061cf6033cb49dc7731a3830cf2c564e05b.ids
67,7,1029868449,1029868449-c4947910df2905a836027aae1bc1d061cf6033cb49dc7731a3830cf2c564e05b.ids
68,7,3049714598,3049714598-c4947910df2905a836027aae1bc1d061cf6033cb49dc7731a3830cf2c564e05b.ids
68,7,2425946942,2425946942-c4947910df2905a836027aae1bc1d061cf6033cb49dc7731a3830cf2c564e05b.ids
68,7,2097594834,2097594834-c4947910df2905a836027aae1bc1d061cf6033cb49dc7731a3830cf2c564e05b.ids
68,7,2351307877,2351307877-c4947910df2905a836027aae1bc1d061cf6033cb49dc7731a3830cf2c564e05b.ids
68,7,2928792287,2928792287-c4947910df2905a836027aae1bc1d061cf6033cb49dc7731a3830cf2c564e05b.ids
68,7,1029868449,1029868449-c4947910df2905a836027aae1bc1d061cf6033cb49dc7731a3830cf2c564e05b.ids
69,7,3049714598,3049714598-c4947910df2905a836027aae1bc1d061cf6033cb49dc7731a3830cf2c564e05b.ids
69,7,2425946942,2425946942-c4947910df2905a836027aae1bc1d061cf6033cb49dc7731a3830cf2c564e05b.ids
69,7,2097594834,2097594834-c4947910df2905a836027aae1bc1d061cf6033cb49dc7731a3830cf2c564e05b.ids
69,7,2351307877,2351307877-c4947910df2905a836027aae1bc1d061cf6033cb49dc7731a3830cf2c564e05b.ids
69,7,2928792287,2928792287-c4947910df2905a836027aae1bc1d061cf6033cb49dc7731a3830cf2c564e05b.ids
69,7,1029868449,1029868449-c4947910df2905a836027aae1bc1d061cf6033cb49dc7731a3830cf2c564e05b.ids
7,3,325025771,325025771-24af8504fac95adecd505df3ad66afa25f6f63728204d44f40c89b8202ecfd33.ids
7,3,1906881742,1906881742-262d508ed04070deba477ae39b05e348caf2d7c817a4377cbe9a9b1f2921362f.ids
7,3,1424130266,1424130266-7c8da43fa0c5bf966f118642fa37618a09acd6c0730cb76f9e2fd4f5d459cb90.ids
7,3,3217895783,3217895783-89f41a56800f29faeaa246399bddebb47f0eb6c4601c968fa592d5253dfeedad.ids
7,3,1204538468,1204538468-b6f951c9bcde550bbaf8c79288094b70d0912784564719dc03cc452c1670e8a9.ids
7,7,325025771,325025771-c4947910df2905a836027aae1bc1d061cf6033cb49dc7731a3830cf2c564e05b.ids
7,7,2760261320,2760261320-c4947910df2905a836027aae1bc1d061cf6033cb49dc7731a3830cf2c564e05b.ids
7,7,1906881742,1906881742-c4947910df2905a836027aae1bc1d061cf6033cb49dc7731a3830cf2c564e05b.ids
7,7,1424130266,1424130266-c4947910df2905a836027aae1bc1d061cf6033cb49dc7731a3830cf2c564e05b.ids
7,7,3007107812,3007107812-c4947910df2905a836027aae1bc1d061cf6033cb49dc7731a3830cf2c564e05b.ids
7,7,1504525286,1504525286-c4947910df2905a836027aae1bc1d061cf6033cb49dc7731a3830cf2c564e05b.ids
70,7,3049714598,3049714598-c4947910df2905a836027aae1bc1d061cf6033cb49dc7731a3830cf2c564e05b.ids
70,7,2097594834,2097594834-c4947910df2905a836027aae1bc1d061cf6033cb49dc7731a3830cf2c564e05b.ids
70,7,2351307877,2351307877-c4947910df2905a836027aae1bc1d061cf6033cb49dc7731a3830cf2c564e05b.ids
70,7,2928792287,2928792287-c4947910df2905a836027aae1bc1d061cf6033cb49dc7731a3830cf2c564e05b.ids
70,7,1029868449,1029868449-c4947910df2905a836027aae1bc1d061cf6033cb49dc7731a3830cf2c564e05b.ids
71,7,3049714598,3049714598-c4947910df2905a836027aae1bc1d061cf6033cb49dc7731a3830cf2c564e05b.ids
71,7,2097594834,2097594834-c4947910df2905a836027aae1bc1d061cf6033cb49dc7731a3830cf2c564e05b.ids
71,7,2351307877,2351307877-c4947910df2905a836027aae1bc1d061cf6033cb49dc7731a3830cf2c564e05b.ids
71,7,2928792287,2928792287-c4947910df2905a836027aae1bc1d061cf6033cb49dc7731a3830cf2c564e05b.ids
71,7,1029868449,1029868449-c4947910df2905a836027aae1bc1d061cf6033cb49dc7731a3830cf2c564e05b.ids
72,7,3049714598,3049714598-c4947910df2905a836027aae1bc1d061cf6033cb49dc7731a3830cf2c564e05b.ids
72,7,2097594834,2097594834-c4947910df2905a836027aae1bc1d061cf6033cb49dc7731a3830cf2c564e05b.ids
72,7,2351307877,2351307877-c4947910df2905a836027aae1bc1d061cf6033cb49dc7731a3830cf2c564e05b.ids
72,7,1029868449,1029868449-c4947910df2905a836027aae1bc1d061cf6033cb49dc7731a3830cf2c564e05b.ids
73,7,3049714598,3049714598-c4947910df2905a836027aae1bc1d061cf6033cb49dc7731a3830cf2c564e05b.ids
73,7,2097594834,2097594834-c4947910df2905a836027aae1bc1d061cf6033cb49dc7731a3830cf2c564e05b.ids
73,7,2351307877,2351307877-c4947910df2905a836027aae1bc1d061cf6033cb49dc7731a3830cf2c564e05b.ids
73,7,1029868449,1029868449-c4947910df2905a836027aae1bc1d061cf6033cb49dc7731a3830cf2c564e05b.ids
74,7,3049714598,3049714598-c4947910df2905a836027aae1bc1d061cf6033cb49dc7731a3830cf2c564e05b.ids
74,7,2097594834,2097594834-c4947910df2905a836027aae1bc1d061cf6033cb49dc7731a3830cf2c564e05b.ids
74,7,2351307877,2351307877-c4947910df2905a836027aae1bc1d061cf6033cb49dc7731a3830cf2c564e05b.ids
75,7,3049714598,3049714598-c4947910df2905a836027aae1bc1d061cf6033cb49dc7731a3830cf2c564e05b.ids
75,7,3881696163,3881696163-c4947910df2905a836027aae1bc1d061cf6033cb49dc7731a3830cf2c564e05b.ids
75,7,2097594834,2097594834-c4947910df2905a836027aae1bc1d061cf6033cb49dc7731a3830cf2c564e05b.ids
75,7,2351307877,2351307877-c4947910df2905a836027aae1bc1d061cf6033cb49dc7731a3830cf2c564e05b.ids
76,7,3049714598,3049714598-c4947910df2905a836027aae1bc1d061cf6033cb49dc7731a3830cf2c564e05b.ids
76,7,3881696163,3881696163-c4947910df2905a836027aae1bc1d061cf6033cb49dc7731a3830cf2c564e05b.ids
76,7,2097594834,2097594834-c4947910df2905a836027aae1bc1d061cf6033cb49dc7731a3830cf2c564e05b.ids
76,7,2351307877,2351307877-c4947910df2905a836027aae1bc1d061cf6033cb49dc7731a3830cf2c564e05b.ids
77,7,3049714598,3049714598-c4947910df2905a836027aae1bc1d061cf6033cb49dc7731a3830cf2c564e05b.ids
77,7,540826762,540826762-c4947910df2905a836027aae1bc1d061cf6033cb49dc7731a3830cf2c564e05b.ids
77,7,3881696163,3881696163-c4947910df2905a836027aae1bc1d061cf6033cb49dc7731a3830cf2c564e05b.ids
77,7,2097594834,2097594834-c4947910df2905a836027aae1bc1d061cf6033cb49dc7731a3830cf2c564e05b.ids
77,7,2351307877,2351307877-c4947910df2905a836027aae1bc1d061cf6033cb49dc7731a3830cf2c564e05b.ids
78,7,3049714598,3049714598-c4947910df2905a836027aae1bc1d061cf6033cb49dc7731a3830cf2c564e05b.ids
78,7,540826762,540826762-c4947910df2905a836027aae1bc1d061cf6033cb49dc7731a3830cf2c564e05b.ids
78,7,3881696163,3881696163-c4947910df2905a836027aae1bc1d061cf6033cb49dc7731a3830cf2c564e05b.ids
78,7,2351307877,2351307877-c4947910df2905a836027aae1bc1d061cf6033cb49dc7731a3830cf2c564e05b.ids
79,7,540826762,540826762-c4947910df2905a836027aae1bc1d061cf6033cb49dc7731a3830cf2c564e05b.ids
79,7,4097491697,4097491697-c4947910df2905a836027aae1bc1d061cf6033cb49dc7731a3830cf2c564e05b.ids
79,7,3881696163,3881696163-c4947910df2905a836027aae1bc1d061cf6033cb49dc7731a3830cf2c564e05b.ids
79,7,2351307877,2351307877-c4947910df2905a836027aae1bc1d061cf6033cb49dc7731a3830cf2c564e05b.ids
8,3,325025771,325025771-24af8504fac95adecd505df3ad66afa25f6f63728204d44f40c89b8202ecfd33.ids
8,3,1906881742,1906881742-262d508ed04070deba477ae39b05e348caf2d7c817a4377cbe9a9b1f2921362f.ids
8,3,1424130266,1424130266-7c8da43fa0c5bf966f118642fa37618a09acd6c0730cb76f9e2fd4f5d459cb90.ids
8,3,3217895783,3217895783-89f41a56800f29faeaa246399bddebb47f0eb6c4601c968fa592d5253dfeedad.ids
8,3,1204538468,1204538468-b6f951c9bcde550bbaf8c79288094b70d0912784564719dc03cc452c1670e8a9.ids
8,7,325025771,325025771-c4947910df2905a836027aae1bc1d061cf6033cb49dc7731a3830cf2c564e05b.ids
8,7,2760261320,2760261320-c4947910df2905a836027aae1bc1d061cf6033cb49dc7731a3830cf2c564e05b.ids
8,7,1906881742,1906881742-c4947910df2905a836027aae1bc1d061cf6033cb49dc7731a3830cf2c564e05b.ids
8,7,1424130266,1424130266-c4947910df2905a836027aae1bc1d061cf6033cb49dc7731a3830cf2c564e05b.ids
8,7,3007107812,3007107812-c4947910df2905a836027aae1bc1d061cf6033cb49dc7731a3830cf2c564e05b.ids
8,7,1504525286,1504525286-c4947910df2905a836027aae1bc1d061cf6033cb49dc7731a3830cf2c564e05b.ids
80,7,540826762,540826762-c4947910df2905a836027aae1bc1d061cf6033cb49dc7731a3830cf2c564e05b.ids
80,7,4097491697,4097491697-c4947910df2905a836027aae1bc1d061cf6033cb49dc7731a3830cf2c564e05b.ids
80,7,3881696163,3881696163-c4947910df2905a836027aae1bc1d061cf6033cb49dc7731a3830cf2c564e05b.ids
81,7,540826762,540826762-c4947910df2905a836027aae1bc1d061cf6033cb49dc7731a3830cf2c564e05b.ids
81,7,4097491697,4097491697-c4947910df2905a836027aae1bc1d061cf6033cb49dc7731a3830cf2c564e05b.ids
81,7,3881696163,3881696163-c4947910df2905a836027aae1bc1d061cf6033cb49dc7731a3830cf2c564e05b.ids
82,7,540826762,540826762-c4947910df2905a836027aae1bc1d061cf6033cb49dc7731a3830cf2c564e05b.ids
82,7,4097491697,4097491697-c4947910df2905a836027aae1bc1d061cf6033cb49dc7731a3830cf2c564e05b.ids
82,7,3881696163,3881696163-c4947910df2905a836027aae1bc1d061cf6033cb49dc7731a3830cf2c564e05b.ids
83,7,540826762,540826762-c4947910df2905a836027aae1bc1d061cf6033cb49dc7731a3830cf2c564e05b.ids
83,7,4097491697,4097491697-c4947910df2905a836027aae1bc1d061cf6033cb49dc7731a3830cf2c564e05b.ids
83,7,3881696163,3881696163-c4947910df2905a836027aae1bc1d061cf6033cb49dc7731a3830cf2c564e05b.ids
83,7,754026095,754026095-c4947910df2905a836027aae1bc1d061cf6033cb49dc7731a3830cf2c564e05b.ids
84,7,540826762,540826762-c4947910df2905a836027aae1bc1d061cf6033cb49dc7731a3830cf2c564e05b.ids
84,7,4097491697,4097491697-c4947910df2905a836027aae1bc1d061cf6033cb49dc7731a3830cf2c564e05b.ids
84,7,3881696163,3881696163-c4947910df2905a836027aae1bc1d061cf6033cb49dc7731a3830cf2c564e05b.ids
84,7,754026095,754026095-c4947910df2905a836027aae1bc1d061cf6033cb49dc7731a3830cf2c564e05b.ids
85,7,540826762,540826762-c4947910df2905a836027aae1bc1d061cf6033cb49dc7731a3830cf2c564e05b.ids
85,7,4097491697,4097491697-c4947910df2905a836027aae1bc1d061cf6033cb49dc7731a3830cf2c564e05b.ids
85,7,3881696163,3881696163-c4947910df2905a836027aae1bc1d061cf6033cb49dc7731a3830cf2c564e05b.ids
85,7,754026095,754026095-c4947910df2905a836027aae1bc1d061cf6033cb49dc7731a3830cf2c564e05b.ids
86,7,540826762,540826762-c4947910df2905a836027aae1bc1d061cf6033cb49dc7731a3830cf2c564e05b.ids
86,7,4097491697,4097491697-c4947910df2905a836027aae1bc1d061cf6033cb49dc7731a3830cf2c564e05b.ids
86,7,3881696163,3881696163-c4947910df2905a836027aae1bc1d061cf6033cb49dc7731a3830cf2c564e05b.ids
86,7,754026095,754026095-c4947910df2905a836027aae1bc1d061cf6033cb49dc7731a3830cf2c564e05b.ids
87,7,540826762,540826762-c4947910df2905a836027aae1bc1d061cf6033cb49dc7731a3830cf2c564e05b.ids
87,7,4097491697,4097491697-c4947910df2905a836027aae1bc1d061cf6033cb49dc7731a3830cf2c564e05b.ids
87,7,3881696163,3881696163-c4947910df2905a836027aae1bc1d061cf6033cb49dc7731a3830cf2c564e05b.ids
87,7,754026095,754026095-c4947910df2905a836027aae1bc1d061cf6033cb49dc7731a3830cf2c564e05b.ids
88,7,540826762,540826762-c4947910df2905a836027aae1bc1d061cf6033cb49dc7731a3830cf2c564e05b.ids
88,7,4097491697,4097491697-c4947910df2905a836027aae1bc1d061cf6033cb49dc7731a3830cf2c564e05b.ids
88,7,3881696163,3881696163-c4947910df2905a836027aae1bc1d061cf6033cb49dc7731a3830cf2c564e05b.ids
88,7,754026095,754026095-c4947910df2905a836027aae1bc1d061cf6033cb49dc7731a3830cf2c564e05b.ids
89,7,540826762,540826762-c4947910df2905a836027aae1bc1d061cf6033cb49dc7731a3830cf2c564e05b.ids
89,7,4097491697,4097491697-c4947910df2905a836027aae1bc1d061cf6033cb49dc7731a3830cf2c564e05b.ids
89,7,3881696163,3881696163-c4947910df2905a836027aae1bc1d061cf6033cb49dc7731a3830cf2c564e05b.ids
89,7,754026095,754026095-c4947910df2905a836027aae1bc1d061cf6033cb49dc7731a3830cf2c564e05b.ids
9,3,325025771,325025771-24af8504fac95adecd505df3ad66afa25f6f63728204d44f40c89b8202ecfd33.ids
9,3,1906881742,1906881742-262d508ed04070deba477ae39b05e348caf2d7c817a4377cbe9a9b1f2921362f.ids
9,3,1424130266,1424130266-7c8da43fa0c5bf966f118642fa37618a09acd6c0730cb76f9e2fd4f5d459cb90.ids
9,3,1504525286,1504525286-262d508ed04070deba477ae39b05e348caf2d7c817a4377cbe9a9b1f2921362f.ids
9,3,3217895783,3217895783-89f41a56800f29faeaa246399bddebb47f0eb6c4601c968fa592d5253dfeedad.ids
9,7,325025771,325025771-c4947910df2905a836027aae1bc1d061cf6033cb49dc7731a3830cf2c564e05b.ids
9,7,2760261320,2760261320-c4947910df2905a836027aae1bc1d061cf6033cb49dc7731a3830cf2c564e05b.ids
9,7,1906881742,1906881742-c4947910df2905a836027aae1bc1d061cf6033cb49dc7731a3830cf2c564e05b.ids
9,7,1424130266,1424130266-c4947910df2905a836027aae1bc1d061cf6033cb49dc7731a3830cf2c564e05b.ids
9,7,3007107812,3007107812-c4947910df2905a836027aae1bc1d061cf6033cb49dc7731a3830cf2c564e05b.ids
9,7,1504525286,1504525286-c4947910df2905a836027aae1bc1d061cf6033cb49dc7731a3830cf2c564e05b.ids
90,7,540826762,540826762-c4947910df2905a836027aae1bc1d061cf6033cb49dc7731a3830cf2c564e05b.ids
90,7,4097491697,4097491697-c4947910df2905a836027aae1bc1d061cf6033cb49dc7731a3830cf2c564e05b.ids
90,7,3881696163,3881696163-c4947910df2905a836027aae1bc1d061cf6033cb49dc7731a3830cf2c564e05b.ids
90,7,754026095,754026095-c4947910df2905a836027aae1bc1d061cf6033cb49dc7731a3830cf2c564e05b.ids
91,7,540826762,540826762-c4947910df2905a836027aae1bc1d061cf6033cb49dc7731a3830cf2c564e05b.ids
91,7,4097491697,4097491697-c4947910df2905a836027aae1bc1d061cf6033cb49dc7731a3830cf2c564e05b.ids
91,7,3881696163,3881696163-c4947910df2905a836027aae1bc1d061cf6033cb49dc7731a3830cf2c564e05b.ids
91,7,754026095,754026095-c4947910df2905a836027aae1bc1d061cf6033cb49dc7731a3830cf2c564e05b.ids
92,7,540826762,540826762-c4947910df2905a836027aae1bc1d061cf6033cb49dc7731a3830cf2c564e05b.ids
92,7,4097491697,4097491697-c4947910df2905a836027aae1bc1d061cf6033cb49dc7731a3830cf2c564e05b.ids
92,7,3881696163,3881696163-c4947910df2905a836027aae1bc1d061cf6033cb49dc7731a3830cf2c564e05b.ids
92,7,754026095,754026095-c4947910df2905a836027aae1bc1d061cf6033cb49dc7731a3830cf2c564e05b.ids
93,7,540826762,540826762-c4947910df2905a836027aae1bc1d061cf6033cb49dc7731a3830cf2c564e05b.ids
93,7,4097491697,4097491697-c4947910df2905a836027aae1bc1d061cf6033cb49dc7731a3830cf2c564e05b.ids
93,7,3881696163,3881696163-c4947910df2905a836027aae1bc1d061cf6033cb49dc7731a3830cf2c564e05b.ids
93,7,754026095,754026095-c4947910df2905a836027aae1bc1d061cf6033cb49dc7731a3830cf2c564e05b.ids
94,7,540826762,540826762-c4947910df2905a836027aae1bc1d061cf6033cb49dc7731a3830cf2c564e05b.ids
94,7,4097491697,4097491697-c4947910df2905a836027aae1bc1d061cf6033cb49dc7731a3830cf2c564e05b.ids
94,7,3881696163,3881696163-c4947910df2905a836027aae1bc1d061cf6033cb49dc7731a3830cf2c564e05b.ids
94,7,754026095,754026095-c4947910df2905a836027aae1bc1d061cf6033cb49dc7731a3830cf2c564e05b.ids
95,7,4097491697,4097491697-c4947910df2905a836027aae1bc1d061cf6033cb49dc7731a3830cf2c564e05b.ids
95,7,540826762,540826762-c4947910df2905a836027aae1bc1d061cf6033cb49dc7731a3830cf2c564e05b.ids
95,7,3881696163,3881696163-c4947910df2905a836027aae1bc1d061cf6033cb49dc7731a3830cf2c564e05b.ids
95,7,754026095,754026095-c4947910df2905a836027aae1bc1d061cf6033cb49dc7731a3830cf2c564e05b.ids
